First Last,First,Last,Company,Domain
Eric Smith,Eric,Smith,PRO Compression,www.procompression.com
Dayna Pinkham,Dayna,Pinkham,Pinkham Millinery,www.pinkhammillinery.com
Betta Carrano,Betta,Carrano,Andrea Carrano,www.andreacarrano.com
John Middleton,John,Middleton,Numismax Rare Coin Company,www.numismax.com
Don Grissman,Don,Grissman,Midwest Workwear,www.midwestworkwear.com
David Rotenberg,David,Rotenberg,David Craig Jewelers,www.davidcraigjewelers.com
Peter Kinsella,Peter,Kinsella,Lunya Co.,www.lunya.co
Vicki Fulop,Vicki,Fulop,Brooklinen,www.brooklinen.com
Shannon Martin,Shannon,Martin,Hemline,www.shophemline.com
Veronika Scott,Veronika,Scott,Empowerment Plan,www.empowermentplan.org
Vanessa Mooney,Vanessa,Mooney,Vanessa Mooney,www.vanessamooney.com
Daniel Walker,Daniel,Walker,Filthy Dripped,www.filthydripped.com
Jed Stiller,Jed,Stiller,Stadium Goods,www.stadiumgoods.com
Dori Howard,Dori,Howard,Wade + Belle,www.wadeandbelle.com
Keith White,Keith,White,Michael Spiers Jewellers,www.michaelspiers.co.uk
Joann Yelton,Joann,Yelton,Yelton Fine Jewelers,www.yeltons.com
Sara Sweet,Sara,Sweet,Sonkai Jewellers,www.sonkai.co.uk
Kirstin Martin,Kirstin,Martin,Smitten Boutique,www.smittenboutique.com
Daniel Lantz,Daniel,Lantz,Graf Lantz,www.graf-lantz.com
Brad Gross,,,H.L. Gross & Bro. Jewelers,www.hlgross.com
