First Last,First,Last,Company,Domain
Paul Yost,Paul,Yost,LC Rings,www.lcrings.com
Romeu Trussardi Neto,Romeu,Neto,"Trousseau, Ltd",www.trousseaultd.com
Nabeel Amin,Nabeel,Amin,Lane Seven Apparel Trading,www.lanesevenapparel.com
Brendan Burscough,Brendan,Burscough,Rove Concepts,www.roveconcepts.com
Chris Chase,Chris,Chase,Otter Wax,www.otterwax.com
Bruce Zales,Bruce,Zales,Village Hat Shop,www.villagehatshop.com
Asaad Malak,Asaad,Malak,Malak Jewelers,www.malakjewelers.com
Mark Narum,Mark,Narum,Twisted Piston Apparel,www.twistedpistonapparel.com
Greg Tully,Greg,Tully,Tully Ink,www.tullyink.com
Jenny Miller,Jenny,Miller,Miglio Designer Jewellery,www.miglio.com
Howard Knopf,Howard,Knopf,Robert Irwin Jewelers,www.rijewelers.com
Ivan Monells Costa,Ivan,Costa,Brava Fabrics,www.bravafabrics.com
Joe Hamilton,Joe,Hamilton,Vortex Optics,www.vortexoptics.com
Claudio Bora,Claudio,Bora,Diadora,www.diadora.com
Jason Cyrus Rivera,Jason,Rivera,Phenix Salon Suites,www.phenixsalonsuites.com
Terani Couture,Terani,Couture,TERANI Couture,www.teranicouture.com
Lizzie Agnew,Lizzie,Agnew,Modern Citizen,www.moderncitizen.com
Rajan Arora,Rajan,Arora,Simran International,www.simraninternational.com
Philip Shaw,Philip,Shaw,Pia Rossini,www.piarossini.com
Miranda Philbin,,,Tim Philbin Accessories,www.timphilbin.com
