First Last,First,Last,Company,Domain
Larinna Ladell Cothren,Larinna,Cothren,Bitty Brah,www.bittybrah.com
Kristen Fanarakis,Kristen,Fanarakis,Senza Tempo Fashion,www.senzatempofashion.com
Benjamin Byrn,Benjamin,Byrn,DADA Boutique,www.shopdadaboutique.com
Brennan Agranoff,Brennan,Agranoff,HoopSwagg,www.hoopswagg.com
Robert Besermin,Robert,Besermin,Freestyle Graphics,www.freestylegraphics.net
Samantha Smith,Samantha,Smith,Vishion,www.vishion.co
Vladi Bergman,Vladi,Bergman,Karma and Luck,www.karmaandluck.com
Alison Hughes,Alison,Hughes,Beatrice Forms,www.beatriceforms.com
Chet Winnicki,Chet,Winnicki,Local Vyntage,www.localvyntage.com
Jacqueline Tatelman,Jacqueline,Tatelman,STATE Bags,www.statebags.com
Ryan Conley,Ryan,Conley,Halcyon Recreation,www.halcyonrecreation.com
Tim Robert Vandeusen,Tim,Vandeusen,JekyllHYDE Apparel,www.jekyllhydeapparel.com
Brian Jeong,Brian,Jeong,Hawthorne,www.hawthorne.co
Sydney Lester,Sydney,Lester,Chic Stripes,www.chicstripes.com
Ethan Logan,Ethan,Logan,White Label MFG.,www.whitelabelmfg.com
Alex Gross,Alex,Gross,TheDrop.com,www.thedrop.com
Eric Carnell,Eric,Carnell,My Smart Shirt,www.mysmartshirt.com
Lauren Hartman,Lauren,Hartman,Trousseau Style,www.trousseaustyle.com
Francie Wasser,Francie,Wasser,FranciePants,www.lovefranciepants.com
Ali Hamed,,,CoVenture,www.coventure.vc
