First Last,First,Last,Company,Domain
Rami Helali,Rami,Helali,Kotn,www.kotn.com
Gustavo Sanchez,Gustavo,Sanchez,jijamas®,www.jijamas.com
Evan Polivy,Evan,Polivy,The Rafter Club,www.rafterclub.com
Jacquelyn De Jesu,Jacquelyn,Jesu,Shhhowercap,www.shhhowercap.com
Bree Mckeen,Bree,Mckeen,Evelyn & Bobbie,www.evelynbobbie.com
Mariela Alexandra Alfonzo,Mariela,Alfonzo,State of Place,www.stateofplace.co
Ryan Jacobson,Ryan,Jacobson,Malibu Luxxe,www.malibuluxxe.com
Nathan Barefield,Nathan,Barefield,Beatrice Forms,www.beatriceforms.com
Oliver Cousins,Oliver,Cousins,MAAP.cc,www.maap.cc
Sang Hoon Lee,Sang,Lee,FaceTory,www.facetory.com
Hay Won Byun,Hay,Byun,blipshift,www.blipshift.com
Alex Loizou,Alex,Loizou,Trouva,www.trouva.com
Kyle Mcclure,Kyle,Mcclure,Rhone,www.rhone.com
Darpan Thakar,Darpan,Thakar,M/s 16TH JULY,www.16thjulyexports.in
Justin Truong,Justin,Truong,Pushas,www.pushas.com
Thomas Dwyer,Thomas,Dwyer,TAYLRD Clothing,www.taylrdclothing.com
Miquila Cristina Alejandre,Miquila,Alejandre,The Bloom Equation,www.bloomequation.com
Ross Angert,Ross,Angert,JaneFinds,www.janefinds.com
Sarah Fung,Sarah,Fung,The HULA,www.thehula.com
Luis Lucas,,,Pedra Dura,www.pedradura.net
