First Last,First,Last,Company,Domain
Julien Dutartre,Julien,Dutartre,Mes Demoiselles. Paris,www.mesdemoisellesparis.com
Davide Staurino,Davide,Staurino,Staurino Fratelli,www.staurinofratelli.com
Elizabeth Garcia,Elizabeth,Garcia,Kyle Cavan,www.kylecavan.com
Hilde Midthjell,Hilde,Midthjell,Dale of Norway,www.daleofnorway.com
Ranya Batal,Ranya,Batal,Ticda,www.ticda.co
Mckenzie Bauer,Mckenzie,Bauer,Thread Wallets,www.threadwallets.com
Patty O'connor Lauritzen,Patty,Lauritzen,Rosey Skye,www.roseyskye.com
Rona Bierrum Fga Dga Eg,Rona,Eg,ShinyPrettyThings,www.shinyprettythings.com
Seema Sudan,Seema,Sudan,liamolly,www.liamolly.com
Mark Hoffman,Mark,Hoffman,Wicked Temptations,www.wickedtemptations.com
Cindy Liberman,Cindy,Liberman,Lara Intimates,www.laraintimates.com
Matthew Scanlan,Matthew,Scanlan,Naadam,www.naadam.co
Mackenzie Yeates,Mackenzie,Yeates,Kotn,www.kotn.com
Adam Gries,Adam,Gries,Material World Co,www.materialworld.co
Dafydd Griffiths,Dafydd,Griffiths,RampTshirts.com,www.ramptshirts.com
Ajay Anand,Ajay,Anand,Rare Carat,www.rarecarat.com
Maurits De Gier,Maurits,Gier,Winkelstraat.nl,www.winkelstraat.nl
Corryn Barakat,Corryn,Barakat,Milk and Love,www.milkandlove.com.au
Sean Lowery,Sean,Lowery,Lowery Brands,www.lowerybrands.com
Elizabeth Shirley,,,Kyle Cavan,www.kylecavan.com
