First Last,First,Last,Company,Domain
Eric Hoff,Eric,Hoff,Hoff Jewelers,www.hoffjewelers.com
Mike Campbell,Mike,Campbell,Ares Sportswear,www.areswear.com
Ted Hoffman,Ted,Hoffman,Fly Barbershop,www.flybarbershop.com
Vipul Lakhi,Vipul,Lakhi,My Trio Rings,www.mytriorings.com
Nick Dadas,Nick,Dadas,University Tees,www.universitytees.com
Vicki Lapp,Vicki,Lapp,Bead Inspirations,www.beadinspirations.com
Aman Advani,Aman,Advani,"Ministry of Supply, Inc.",www.ministryofsupply.com
Rachel Raab,Rachel,Raab,Buddha Pants,www.buddhapants.com
Nikita Dobrynin,Nikita,Dobrynin,AstraFit,www.astrafit.com
John Brevard,John,Brevard,John Brevard,www.johnbrevard.com
Doug Stayman,Doug,Stayman,In Your Face Apparel,www.inyourfaceapparel.com
Ben Clark,Ben,Clark,B-Unlimited,www.b-unlimited.com
Christy Rilling,Christy,Rilling,Christy Rilling Studio,www.christyrilling.com
Caesar Djavaherian,Caesar,Djavaherian,"Carbon Health Medical Group, Inc.",www.carbonhealth.com
Nancy Wiegand Dadas,Nancy,Dadas,University Tees,www.universitytees.com
Jonathan Goldberg,Jonathan,Goldberg,Kimberfire,www.kimberfire.com
Ryan Napier,Ryan,Napier,Where I’m From Mini Shop,www.whereimfrom.com
Clint Henderson,Clint,Henderson,"Every Brand Apparel, Inc.",www.everybrandapparel.com
Steve Powers,Steve,Powers,Sugar and Bruno,www.sugarandbruno.com
Eren Bali,,,"Carbon Health Medical Group, Inc.",www.carbonhealth.com
